variable,track,indicator_code,indicator_name,unit,definition,source,source_organization,periodicity,aggregation_method,source_url,retrieval_date
gdp_per_capita_ppp,Health,NY.GDP.PCAP.PP.KD,"GDP per capita, PPP (constant 2021 international $)",constant 2021 international dollars per person,"This indicator provides values for gross domestic product (GDP) per person expressed in constant international dollars, converted by purchasing power parities (PPPs). PPPs account for the different price levels across countries and thus PPP-based comparisons of economic output are more appropriate for comparing the output of economies and the average material well-being of their inhabitants than exchange-rate based comparisons.

Gross domestic product is the total income earned through the production of goods and services in an economic territory during an accounting period. It can be measured in three different ways: using either the expenditure approach, the income approach, or the production approach. The core indicator has been divided by the general population to achieve a per capita estimate. This indicator is expressed in constant prices, meaning the series has been adjusted to account for price changes over time. The reference year for this adjustment is 2021. The PPP conversion factor is a currency conversion factor and a spatial price deflator. PPPs convert different currencies to a common currency and, in the process of conversion, equalize their purchasing power by eliminating the differences in price levels between countries, thereby allowing volume or output comparisons of GDP and its expenditure components.",World Development Indicators,"International Comparison Program (ICP), World Bank (WB), uri: https://www.worldbank.org/en/programs/icp/data, note: This information is for ICP’s PPPs utilized in WDI, publisher: International Comparison Program (ICP), date accessed: May 30, 2024, date published: May 30, 2024;
The Eurostat PPP Programme, Eurostat (ESTAT), uri: https://ec.europa.eu/eurostat/databrowser/explore/all/all_themes, publisher: Eurostat;
The OECD PPP Programme, Organisation for Economic Co-operation and Development (OECD), uri: https://data-explorer.oecd.org/, publisher: OECD;
Staff estimates, World Bank (WB);
National Accounts data files, Organisation for Economic Co-operation and Development (OECD);
World Economic Outlook database, International Monetary Fund (IMF)",Annual,The API does not expose a separate aggregation-method field. Consult the definition and source organization.,https://api.worldbank.org/v2/indicator/NY.GDP.PCAP.PP.KD?format=json,2026-07-18
under5_mortality,Health,SH.DYN.MORT,"Mortality rate, under-5 (per 1,000 live births)","deaths before age five per 1,000 live births","Under-five mortality rate is the probability per 1,000 that a newborn baby will die before reaching age five, if subject to age-specific mortality rates of the specified year.",World Development Indicators,"UN Inter-agency Group for Child Mortality Estimation, UN Children's Fund (UNICEF), uri: www.childmortality.org, publisher: UNICEF, WHO, World Bank, United Nations Population Division;
World Health Organization (WHO), uri: www.childmortality.org, note: UN Inter-agency Group for Child Mortality Estimation;
World Bank (WB), uri: www.childmortality.org, note: UN Inter-agency Group for Child Mortality Estimation;
United Nations (UN), uri: www.childmortality.org, note: UN Inter-agency Group for Child Mortality Estimation, publisher: UN Population Division",Annual,The API does not expose a separate aggregation-method field. Consult the definition and source organization.,https://api.worldbank.org/v2/indicator/SH.DYN.MORT?format=json,2026-07-18
female_secondary_enrollment,Gender,SE.SEC.ENRR.FE,"School enrollment, secondary, female (% gross)","percent, gross female secondary enrollment","Gross enrollment ratio is the ratio of total enrollment, regardless of age, to the population of the age group that officially corresponds to the level of education shown. Secondary education completes the provision of basic education that began at the primary level, and aims at laying the foundations for lifelong learning and human development, by offering more subject- or skill-oriented instruction using more specialized teachers.",World Development Indicators,"Data API, UN Educational, Scientific and Cultural Organization (UNESCO), uri: https://databrowser.uis.unesco.org/resources, note: The data are obtained through the UIS API.  Detailed documentation is available at: https://api.uis.unesco.org/api/public/documentation/, publisher: UNESCO Institute for Statistics (UIS), type: Bulk file (csv), date accessed: 2026-03-19, date published: 2026-02",Annual,The API does not expose a separate aggregation-method field. Consult the definition and source organization.,https://api.worldbank.org/v2/indicator/SE.SEC.ENRR.FE?format=json,2026-07-18
adolescent_fertility,Gender,SP.ADO.TFRT,"Adolescent fertility rate (births per 1,000 women ages 15-19)","births per 1,000 women ages 15–19","Adolescent fertility rate is the number of births per 1,000 women ages 15-19.",World Development Indicators,"World Population Prospects, United Nations (UN), publisher: UN Population Division",Annual,The API does not expose a separate aggregation-method field. Consult the definition and source organization.,https://api.worldbank.org/v2/indicator/SP.ADO.TFRT?format=json,2026-07-18
electricity_access,Access,EG.ELC.ACCS.ZS,Access to electricity (% of population),percent of population,"Access to electricity is the percentage of population with access to electricity. Electrification data are collected from industry, national surveys and international sources.",World Development Indicators,"SDG 7.1.1 Electrification Dataset, World Bank (WB), uri: https://trackingsdg7.esmap.org/downloads, note: Data is downloaded from ESMAP website. Data is released when a new Tracking SDG7 report is released., publisher: World Bank (WB), date accessed: 2024-05-16, date published: 2023",Annual,The API does not expose a separate aggregation-method field. Consult the definition and source organization.,https://api.worldbank.org/v2/indicator/EG.ELC.ACCS.ZS?format=json,2026-07-18
internet_use,Access,IT.NET.USER.ZS,Individuals using the Internet (% of population),percent of population,"Internet users are individuals who have used the Internet (from any location) in the last 3 months. The Internet can be used via a computer, mobile phone, personal digital assistant, games machine, digital TV etc.",World Development Indicators,"World Telecommunication/ICT Indicators Database, International Telecommunication Union (ITU), uri: https://datahub.itu.int/",Annual,The API does not expose a separate aggregation-method field. Consult the definition and source organization.,https://api.worldbank.org/v2/indicator/IT.NET.USER.ZS?format=json,2026-07-18
renewable_electricity,Climate,EG.ELC.RNEW.ZS,Renewable electricity output (% of total electricity output),percent of total electricity output,Renewable electricity is the share of electricity generated by renewable power plants in total electricity generated by all types of plants.,World Development Indicators,"IEA Energy Statistics Data Browser, International Energy Agency (IEA), uri: https://www.iea.org/data-and-statistics/data-tools/energy-statistics-data-browser, publisher: International Energy Agency (IEA), date accessed: 2025-03-25",Annual,The API does not expose a separate aggregation-method field. Consult the definition and source organization.,https://api.worldbank.org/v2/indicator/EG.ELC.RNEW.ZS?format=json,2026-07-18
carbon_intensity,Climate,EN.GHG.CO2.RT.GDP.PP.KD,Carbon intensity of GDP (kg CO2e per 2021 PPP $ of GDP),kilograms of CO2 equivalent per 2021 PPP dollar of GDP,"Annual emissions of carbon dioxide (CO2), one of the six Kyoto greenhouse gases (GHG), from the agriculture, energy, waste, and industrial sectors, excluding LULUCF divided by the GDP in 2021 PPP $.",World Development Indicators,"EDGAR (Emissions Database for Global Atmospheric Research) Community GHG Database, Joint Research Centre (JRC) - European Commission, uri: https://edgar.jrc.ec.europa.eu/dataset_ghg2024, publisher: JRC European Commission, date published: 2024;
International Energy Agency (IEA), uri: https://edgar.jrc.ec.europa.eu/dataset_ghg2024, publisher: JRC European Commission, date published: 2024",Annual,The API does not expose a separate aggregation-method field. Consult the definition and source organization.,https://api.worldbank.org/v2/indicator/EN.GHG.CO2.RT.GDP.PP.KD?format=json,2026-07-18
gdp_per_capita_growth,Climate,NY.GDP.PCAP.KD.ZG,GDP per capita growth (annual %),annual percent growth,"Gross domestic product is the total income earned through the production of goods and services in an economic territory during an accounting period. It can be measured in three different ways: using either the expenditure approach, the income approach, or the production approach. The core indicator has been divided by the general population to achieve a per capita estimate.This indicator denotes the percentage change over each previous year of the constant price (base year 2015) series in United States dollars.",World Development Indicators,"Country official statistics, National Statistical Organizations and/or Central Banks;
National Accounts data files, Organisation for Economic Co-operation and Development (OECD);
Staff estimates, World Bank (WB)",Annual,The API does not expose a separate aggregation-method field. Consult the definition and source organization.,https://api.worldbank.org/v2/indicator/NY.GDP.PCAP.KD.ZG?format=json,2026-07-18
