iso3c,country,region,income_level_current,electricity_access_2000,electricity_access_2022,internet_use_2000,internet_use_2022,electricity_change,internet_change,combined_gap_closed
AUS,Australia,East Asia & Pacific,High income,100,100,46.7561156116738,96.11940002,0,49.3632844083262,49.3632844083262
BRN,Brunei Darussalam,East Asia & Pacific,High income,100,100,8.99628453448726,98.97042579,0,89.97414125551273,89.97414125551273
KHM,Cambodia,East Asia & Pacific,Lower middle income,16.6,92.3,0.047022640068885,65.49079895,75.69999999999999,65.44377630993111,141.1437763099311
CHN,China,East Asia & Pacific,Upper middle income,96.7,100,1.77591320677415,75.61131603,3.299999999999997,73.83540282322585,77.13540282322585
FJI,Fiji,East Asia & Pacific,Upper middle income,76.8,92,1.4968547339902,72.56549835,15.200000000000003,71.0686436160098,86.2686436160098
HKG,"Hong Kong SAR, China",East Asia & Pacific,High income,100,100,27.8277606812581,95.61357052,0,67.7858098387419,67.7858098387419
IDN,Indonesia,East Asia & Pacific,Upper middle income,86.3,100,0.925563864466858,66.48461277,13.700000000000003,65.55904890553315,79.25904890553315
JPN,Japan,East Asia & Pacific,High income,100,100,29.9907403589142,84.92343147,0,54.9326911110858,54.9326911110858
KIR,Kiribati,East Asia & Pacific,Lower middle income,55.6,94.4,1.78522547397736,84.99849701,38.800000000000004,83.21327153602263,122.01327153602264
KOR,"Korea, Rep.",East Asia & Pacific,High income,100,100,44.7,97.16855335,0,52.46855334999999,52.46855334999999
LAO,Lao PDR,East Asia & Pacific,Lower middle income,42.6,100,0.111044032290124,64.54000092,57.4,64.42895688770987,121.82895688770986
MAC,"Macao SAR, China",East Asia & Pacific,High income,100,100,13.6085897418451,89.48549652,0,75.8769067781549,75.8769067781549
MYS,Malaysia,East Asia & Pacific,Upper middle income,98.6,100,21.3847311644538,97.3986404,1.4000000000000057,76.01390923554621,77.41390923554621
MHL,Marshall Islands,East Asia & Pacific,Upper middle income,68.6,100,1.53427179624871,64.26719666,31.400000000000006,62.732924863751286,94.1329248637513
FSM,"Micronesia, Fed. Sts.",East Asia & Pacific,Upper middle income,46,85.3,3.73486213690137,39.027900699999996,39.3,35.29303856309863,74.59303856309862
MNG,Mongolia,East Asia & Pacific,Upper middle income,67.3,100,1.25565200358112,81.07720184,32.7,79.82154983641888,112.52154983641888
NZL,New Zealand,East Asia & Pacific,High income,100,100,47.3795565432096,93.07289886,0,45.69334231679039,45.69334231679039
PNG,Papua New Guinea,East Asia & Pacific,Lower middle income,12.4,19,0.835249302427624,18.25659943,6.6,17.421350127572378,24.021350127572376
PHL,Philippines,East Asia & Pacific,Upper middle income,74.7,94.8,1.98225319605827,75.21114422,20.099999999999994,73.22889102394173,93.32889102394172
SGP,Singapore,East Asia & Pacific,High income,100,100,36,95.95386476,0,59.95386476,59.95386476
SLB,Solomon Islands,East Asia & Pacific,Lower middle income,4.7,76,0.481296806114395,28.017299650000002,71.3,27.53600284388561,98.83600284388561
THA,Thailand,East Asia & Pacific,Upper middle income,82.1,99.9,3.68904127944164,87.97724503,17.80000000000001,84.28820375055837,102.08820375055838
TON,Tonga,East Asia & Pacific,Upper middle income,85.6,100,2.4343980443669,61.60739899,14.400000000000006,59.1730009456331,73.57300094563311
VNM,Viet Nam,East Asia & Pacific,Upper middle income,88.2,100,0.25424827575493397,78.58999918,11.799999999999997,78.33575090424507,90.13575090424507
ALB,Albania,Europe & Central Asia,Upper middle income,99.4,100,0.114097346552109,82.61367544,0.5999999999999943,82.49957809344788,83.09957809344787
AND,Andorra,Europe & Central Asia,High income,100,100,10.53883560922,94.05169678,0,83.51286117078,83.51286117078
ARM,Armenia,Europe & Central Asia,Upper middle income,98.9,100,1.30047002237784,77.02767465,1.0999999999999943,75.72720462762216,76.82720462762215
AUT,Austria,Europe & Central Asia,High income,100,100,33.7301329516915,93.61409139,0,59.8839584383085,59.8839584383085
AZE,Azerbaijan,Europe & Central Asia,Upper middle income,98.9,100,0.147757575623251,88,1.0999999999999943,87.85224242437675,88.95224242437675
BLR,Belarus,Europe & Central Asia,Upper middle income,89,100,1.86039812615388,89.50733148,11,87.64693335384612,98.64693335384612
BEL,Belgium,Europe & Central Asia,High income,100,100,29.4316916924341,94.00783071,0,64.5761390175659,64.5761390175659
BIH,Bosnia and Herzegovina,Europe & Central Asia,Upper middle income,99,100,1.08296074971207,78.8455371,1,77.76257635028793,78.76257635028793
BGR,Bulgaria,Europe & Central Asia,High income,88.1,100,5.37092346908696,79.12686326,11.900000000000006,73.75593979091303,85.65593979091304
HRV,Croatia,Europe & Central Asia,High income,100,100,6.64488254374396,82.07155532,0,75.42667277625604,75.42667277625604
CYP,Cyprus,Europe & Central Asia,High income,100,100,15.2553943710137,89.60099194,0,74.3455975689863,74.3455975689863
CZE,Czechia,Europe & Central Asia,High income,100,100,9.78052788834393,84.54009378,0,74.75956589165608,74.75956589165608
DNK,Denmark,Europe & Central Asia,High income,100,100,39.1724308555053,97.86011812,0,58.6876872644947,58.6876872644947
EST,Estonia,Europe & Central Asia,High income,100,100,28.5769538105646,91.52016546,0,62.9432116494354,62.9432116494354
FIN,Finland,Europe & Central Asia,High income,100,100,37.2484617371121,92.98879471,0,55.74033297288789,55.74033297288789
FRA,France,Europe & Central Asia,High income,100,100,14.3079239430677,85.33331734,0,71.02539339693229,71.02539339693229
GEO,Georgia,Europe & Central Asia,Upper middle income,99.8,100,0.484746298540492,78.71127536,0.20000000000000284,78.22652906145952,78.42652906145952
DEU,Germany,Europe & Central Asia,High income,100,100,30.2163466048889,91.62984383,0,61.4134972251111,61.4134972251111
GRC,Greece,Europe & Central Asia,High income,100,100,9.13883730776798,83.17066333,0,74.03182602223201,74.03182602223201
HUN,Hungary,Europe & Central Asia,High income,100,100,6.99967635062916,89.14282688,0,82.14315052937084,82.14315052937084
ISL,Iceland,Europe & Central Asia,High income,100,100,44.470533824288,97.58339691,0,53.11286308571201,53.11286308571201
IRL,Ireland,Europe & Central Asia,High income,100,100,17.8504672405807,95.03690338,0,77.1864361394193,77.1864361394193
ITA,Italy,Europe & Central Asia,High income,100,100,23.1108742441037,85.06074504,0,61.9498707958963,61.9498707958963
KAZ,Kazakhstan,Europe & Central Asia,Upper middle income,99.6,100,0.668594402621264,92.29685266,0.4000000000000057,91.62825825737873,92.02825825737874
KGZ,Kyrgyz Republic,Europe & Central Asia,Lower middle income,99.6,99.7,1.04140114469361,84.1937027,0.10000000000000853,83.1523015553064,83.2523015553064
LVA,Latvia,Europe & Central Asia,High income,99.9,100,6.31906208267861,91.03009059,0.09999999999999432,84.71102850732139,84.81102850732138
LIE,Liechtenstein,Europe & Central Asia,High income,100,100,36.5152298938015,97.88069916,0,61.36546926619851,61.36546926619851
LTU,Lithuania,Europe & Central Asia,High income,99.5,100,6.42706749477765,87.72420219,0.5,81.29713469522235,81.79713469522235
LUX,Luxembourg,Europe & Central Asia,High income,100,100,22.8873279731211,98.24203749,0,75.3547095168789,75.3547095168789
MDA,Moldova,Europe & Central Asia,Upper middle income,98.7,100,1.28284641670022,74.91899872,1.2999999999999972,73.63615230329978,74.93615230329978
MCO,Monaco,Europe & Central Asia,High income,100,100,42.1848634460346,98.75189972,0,56.5670362739654,56.5670362739654
NLD,Netherlands,Europe & Central Asia,High income,100,100,43.984351373138,92.51968504,0,48.535333666862,48.535333666862
MKD,North Macedonia,Europe & Central Asia,Upper middle income,99,100,2.48556631640066,83.85030365,1,81.36473733359934,82.36473733359934
NOR,Norway,Europe & Central Asia,High income,100,100,52,98.99997764,0,46.99997764,46.99997764
POL,Poland,Europe & Central Asia,High income,100,100,7.2854287080601,86.94113479,0,79.65570608193991,79.65570608193991
PRT,Portugal,Europe & Central Asia,High income,100,100,16.4304676923534,84.49690644,0,68.0664387476466,68.0664387476466
ROU,Romania,Europe & Central Asia,High income,94.4,100,3.61371729139783,85.50309124,5.599999999999994,81.88937394860217,87.48937394860216
RUS,Russian Federation,Europe & Central Asia,High income,97.8,100,1.97723010897647,90.41799163,2.200000000000003,88.44076152102353,90.64076152102353
SMR,San Marino,Europe & Central Asia,High income,100,100,48.7994953055999,97.32790375,0,48.52840844440011,48.52840844440011
SVK,Slovak Republic,Europe & Central Asia,High income,100,100,9.42680320061637,89.06766196,0,79.64085875938363,79.64085875938363
SVN,Slovenia,Europe & Central Asia,High income,100,100,15.1102595640388,88.91248552,0,73.8022259559612,73.8022259559612
ESP,Spain,Europe & Central Asia,High income,100,100,13.6249608089899,94.4855432,0,80.8605823910101,80.8605823910101
SWE,Sweden,Europe & Central Asia,High income,100,100,45.6876522122282,95.00970335,0,49.322051137771794,49.322051137771794
CHE,Switzerland,Europe & Central Asia,High income,100,100,47.1,96.45279694,0,49.35279694,49.35279694
TJK,Tajikistan,Europe & Central Asia,Lower middle income,98.5,100,0.048599594582182,48.91429901,1.5,48.865699415417815,50.365699415417815
TUR,Turkiye,Europe & Central Asia,Upper middle income,99.9,100,3.761685035075,83.43716576,0.09999999999999432,79.675480724925,79.77548072492499
UKR,Ukraine,Europe & Central Asia,Upper middle income,99.1,100,0.716183762031043,80.47429657,0.9000000000000057,79.75811280796897,80.65811280796898
GBR,United Kingdom,Europe & Central Asia,High income,100,100,26.8217543508578,95.46530151,0,68.6435471591422,68.6435471591422
UZB,Uzbekistan,Europe & Central Asia,Lower middle income,99.6,100,0.484347307694947,83.90000012,0.4000000000000057,83.41565281230505,83.81565281230506
ATG,Antigua and Barbuda,Latin America & Caribbean,High income,97.7,100,6.48222573702907,71.9233017,2.299999999999997,65.44107596297093,67.74107596297092
ARG,Argentina,Latin America & Caribbean,Upper middle income,95.7,100,7.0386830862178,88.37535691,4.299999999999997,81.33667382378219,85.63667382378219
BHS,"Bahamas, The",Latin America & Caribbean,High income,100,100,8,92.2559967,0,84.2559967,84.2559967
BRB,Barbados,Latin America & Caribbean,High income,100,100,3.97367835457927,69.06359863,0,65.08992027542074,65.08992027542074
BLZ,Belize,Latin America & Caribbean,Upper middle income,79,98.6,5.96383530272428,69.98329926,19.599999999999994,64.01946395727572,83.61946395727571
BOL,Bolivia,Latin America & Caribbean,Lower middle income,70,99.9,1.4427635847914,72.62270355,29.900000000000006,71.1799399652086,101.07993996520861
BRA,Brazil,Latin America & Caribbean,Upper middle income,94.4,100,2.87068515854108,80.52775094,5.599999999999994,77.65706578145893,83.25706578145892
CHL,Chile,Latin America & Caribbean,High income,97.9,100,16.6,92.31819916,2.0999999999999943,75.71819916000001,77.81819916
COL,Colombia,Latin America & Caribbean,Upper middle income,95.2,100,2.207532992624,72.79637855,4.799999999999997,70.588845557376,75.388845557376
CRI,Costa Rica,Latin America & Caribbean,High income,96.9,100,5.80025302331829,82.59801121,3.0999999999999943,76.7977581866817,79.8977581866817
CUB,Cuba,Latin America & Caribbean,Upper middle income,97,100,0.541182548811058,67.88410187,3,67.34291932118893,70.34291932118893
DMA,Dominica,Latin America & Caribbean,Upper middle income,81.1,100,8.81484419762881,80.57980347,18.900000000000006,71.76495927237119,90.66495927237119
DOM,Dominican Republic,Latin America & Caribbean,Upper middle income,88.8,98.1,3.70469235587688,81.51269675,9.299999999999997,77.80800439412312,87.10800439412311
ECU,Ecuador,Latin America & Caribbean,Upper middle income,93.7,100,1.46218853556457,69.71811356,6.299999999999997,68.25592502443544,74.55592502443544
SLV,El Salvador,Latin America & Caribbean,Upper middle income,84.5,100,1.17739726914477,60.05609894,15.5,58.87870167085523,74.37870167085524
GRD,Grenada,Latin America & Caribbean,Upper middle income,86,94.2,4.06390799146313,68.42030334,8.200000000000003,64.35639534853688,72.55639534853688
GTM,Guatemala,Latin America & Caribbean,Upper middle income,73.3,99.1,0.712332904508925,54.40430069,25.799999999999997,53.69196778549107,79.49196778549107
GUY,Guyana,Latin America & Caribbean,High income,74.6,93,0.6,76.56240082,18.400000000000006,75.96240082,94.36240082
HTI,Haiti,Latin America & Caribbean,Lower middle income,33.7,49.3,0.231270714628821,47.77470016,15.599999999999994,47.54342944537118,63.143429445371176
HND,Honduras,Latin America & Caribbean,Lower middle income,67.4,94.4,1.20385599891878,56.88069916,27,55.676843161081216,82.67684316108122
JAM,Jamaica,Latin America & Caribbean,Upper middle income,84.4,100,3.11577802729967,85.84329987,15.599999999999994,82.72752184270033,98.32752184270032
MEX,Mexico,Latin America & Caribbean,Upper middle income,98,100,5.08138415338066,78.63217894,2,73.55079478661935,75.55079478661935
NIC,Nicaragua,Latin America & Caribbean,Lower middle income,73,86.5,0.980216486692385,59.38000107,13.5,58.399784583307614,71.89978458330762
PAN,Panama,Latin America & Caribbean,High income,81.4,95,6.55479647729549,67.2838974,13.599999999999994,60.72910092270451,74.3291009227045
PRY,Paraguay,Latin America & Caribbean,Upper middle income,89.6,100,0.747630711548184,76.25916611,10.400000000000006,75.51153539845181,85.91153539845182
PER,Peru,Latin America & Caribbean,Upper middle income,72.5,96.2,3.07643061137675,74.67495213,23.700000000000003,71.59852151862324,95.29852151862325
PRI,Puerto Rico (US),Latin America & Caribbean,High income,100,100,10.4746482089399,87.29178106,0,76.81713285106011,76.81713285106011
KNA,St. Kitts and Nevis,Latin America & Caribbean,High income,95.4,100,5.86281024037522,75.76229858,4.599999999999994,69.89948833962478,74.49948833962478
LCA,St. Lucia,Latin America & Caribbean,Upper middle income,86,100,5.09048334139327,66.95159912,14,61.86111577860673,75.86111577860673
VCT,St. Vincent and the Grenadines,Latin America & Caribbean,Upper middle income,80,100,3.24503741064558,74.75479889,20,71.50976147935442,91.50976147935442
TTO,Trinidad and Tobago,Latin America & Caribbean,High income,91.3,100,7.72141147401745,81.69760132,8.700000000000003,73.97618984598256,82.67618984598256
URY,Uruguay,Latin America & Caribbean,High income,97.6,100,10.5390577480141,89.87304314,2.4000000000000057,79.33398539198589,81.7339853919859
VEN,"Venezuela, RB",Latin America & Caribbean,Lower middle income,98.9,100,3.3595974645036,75.82180023,1.0999999999999943,72.4622027654964,73.5622027654964
DZA,Algeria,"Middle East, North Africa, Afghanistan & Pakistan",Upper middle income,98.6,100,0.491705679141589,74.78150177,1.4000000000000057,74.28979609085842,75.68979609085842
BHR,Bahrain,"Middle East, North Africa, Afghanistan & Pakistan",High income,100,100,6.15373254647607,100,0,93.84626745352394,93.84626745352394
DJI,Djibouti,"Middle East, North Africa, Afghanistan & Pakistan",Lower middle income,56,65,0.194500528399956,63.77600098,9,63.58150045160004,72.58150045160005
EGY,"Egypt, Arab Rep.","Middle East, North Africa, Afghanistan & Pakistan",Lower middle income,97.7,100,0.641265037504813,72.19806556,2.299999999999997,71.5568005224952,73.85680052249519
IRN,"Iran, Islamic Rep.","Middle East, North Africa, Afghanistan & Pakistan",Upper middle income,97.9,100,0.934190019959829,81.71649933,2.0999999999999943,80.78230931004018,82.88230931004017
ISR,Israel,"Middle East, North Africa, Afghanistan & Pakistan",High income,100,100,20.8737899981674,91.85079615,0,70.9770061518326,70.9770061518326
JOR,Jordan,"Middle East, North Africa, Afghanistan & Pakistan",Upper middle income,99,100,2.62327542156362,90.4999984,1,87.87672297843638,88.87672297843638
KWT,Kuwait,"Middle East, North Africa, Afghanistan & Pakistan",High income,100,100,6.73139576837536,99.74729919,0,93.01590342162464,93.01590342162464
LBN,Lebanon,"Middle East, North Africa, Afghanistan & Pakistan",Lower middle income,99.3,100,7.95274373635276,81.46479797,0.7000000000000028,73.51205423364725,74.21205423364725
LBY,Libya,"Middle East, North Africa, Afghanistan & Pakistan",Upper middle income,99.8,70,0.187042622337565,80.64720154,-29.799999999999997,80.46015891766243,50.66015891766243
MLT,Malta,"Middle East, North Africa, Afghanistan & Pakistan",High income,100,100,13.1137087111024,91.54062209,0,78.4269133788976,78.4269133788976
MAR,Morocco,"Middle East, North Africa, Afghanistan & Pakistan",Lower middle income,69.8,100,0.693791244805455,89.9,30.200000000000003,89.20620875519455,119.40620875519456
OMN,Oman,"Middle East, North Africa, Afghanistan & Pakistan",High income,100,100,3.52042141651097,95.24530029,0,91.72487887348903,91.72487887348903
QAT,Qatar,"Middle East, North Africa, Afghanistan & Pakistan",High income,100,100,4.86367917875156,98.03800201,0,93.17432283124845,93.17432283124845
SAU,Saudi Arabia,"Middle East, North Africa, Afghanistan & Pakistan",High income,100,100,2.21069180908888,100,0,97.78930819091111,97.78930819091111
ARE,United Arab Emirates,"Middle East, North Africa, Afghanistan & Pakistan",High income,100,100,23.6253008751553,100,0,76.3746991248447,76.3746991248447
PSE,West Bank and Gaza,"Middle East, North Africa, Afghanistan & Pakistan",Lower middle income,99.7,100,1.11130620708969,88.64690554,0.29999999999999716,87.53559933291032,87.83559933291032
CAN,Canada,North America,High income,100,100,51.3,94,0,42.7,42.7
USA,United States,North America,High income,100,100,43.0791626375201,92.72850037,0,49.64933773247991,49.64933773247991
BGD,Bangladesh,South Asia,Lower middle income,32,99.4,0.0710394230507683,41.61650085,67.4,41.54546142694923,108.94546142694924
BTN,Bhutan,South Asia,Lower middle income,31.1,100,0.40094444691941,88.35620117,68.9,87.9552567230806,156.8552567230806
IND,India,South Asia,Lower middle income,60.3,99.2,0.527532449930946,55.9,38.900000000000006,55.372467550069054,94.27246755006905
MDV,Maldives,South Asia,Upper middle income,83.8,100,2.2038729393788,83.91189054,16.200000000000003,81.7080176006212,97.9080176006212
NPL,Nepal,South Asia,Lower middle income,29.9,91.3,0.204651683653029,45.45080185,61.4,45.24615016634697,106.64615016634697
LKA,Sri Lanka,South Asia,Upper middle income,70.3,100,0.647410010940963,48.3,29.700000000000003,47.65258998905903,77.35258998905903
AGO,Angola,Sub-Saharan Africa,Lower middle income,24.2,48.5,0.105045562462262,35.83800125,24.3,35.73295568753774,60.032955687537736
BEN,Benin,Sub-Saharan Africa,Lower middle income,21.5,56.5,0.225247851473369,30.53730011,35,30.31205225852663,65.31205225852663
BWA,Botswana,Sub-Saharan Africa,Upper middle income,26.5,75.9,2.90266662177209,57.9,49.400000000000006,54.99733337822791,104.39733337822791
BFA,Burkina Faso,Sub-Saharan Africa,Low income,9.1,19.5,0.0770801689426014,25.3987999,10.4,25.3217197310574,35.7217197310574
BDI,Burundi,Sub-Saharan Africa,Low income,2.5,10.3,0.077248447383456,7.144800186,7.800000000000001,7.067551738616545,14.867551738616545
CPV,Cabo Verde,Sub-Saharan Africa,Upper middle income,58.6,97.1,1.82244385164396,73.32740021,38.49999999999999,71.50495635835604,110.00495635835603
CMR,Cameroon,Sub-Saharan Africa,Lower middle income,41,71,0.252120077733662,40.12559891,30,39.873478832266336,69.87347883226633
CAF,Central African Republic,Sub-Saharan Africa,Low income,6,15.7,0.0533941742150456,13.75360012,9.7,13.700205945784955,23.400205945784954
TCD,Chad,Sub-Saharan Africa,Low income,3.1,11.7,0.03570707628555,11.17029953,8.6,11.134592453714449,19.73459245371445
COM,Comoros,Sub-Saharan Africa,Lower middle income,39.8,89.9,0.271740607285909,31.37409973,50.10000000000001,31.10235912271409,81.2023591227141
COD,"Congo, Dem. Rep.",Sub-Saharan Africa,Low income,6.7,21.5,0.0059021136806903,17.99620056,14.8,17.990298446319308,32.79029844631931
COG,"Congo, Rep.",Sub-Saharan Africa,Lower middle income,29.4,50.6,0.0263547320580279,40.98669815,21.200000000000003,40.96034341794198,62.16034341794198
CIV,Cote d'Ivoire,Sub-Saharan Africa,Lower middle income,48.7,70.4,0.231461670612799,38.41328122,21.700000000000003,38.1818195493872,59.8818195493872
GNQ,Equatorial Guinea,Sub-Saharan Africa,Upper middle income,64.8,67,0.132354665123789,63.65950012,2.200000000000003,63.527145454876205,65.72714545487621
SWZ,Eswatini,Sub-Saharan Africa,Lower middle income,20.4,82.3,0.926191777269401,57.34370041,61.9,56.417508632730595,118.3175086327306
ETH,Ethiopia,Sub-Saharan Africa,Low income,12.7,55,0.0152637672082567,17.9836998,42.3,17.968436032791743,60.26843603279174
GAB,Gabon,Sub-Saharan Africa,Upper middle income,73.6,93.5,1.21614061828589,67.67169952,19.900000000000006,66.45555890171411,86.35555890171412
GMB,"Gambia, The",Sub-Saharan Africa,Low income,34.3,65.4,0.921794919066406,48.22539902,31.10000000000001,47.30360410093359,78.40360410093359
GHA,Ghana,Sub-Saharan Africa,Lower middle income,43.7,85.1,0.153615297625799,69.91329956,41.39999999999999,69.7596842623742,111.15968426237418
GIN,Guinea,Sub-Saharan Africa,Lower middle income,15.2,47.7,0.0954249236063846,31.31399918,32.5,31.218574256393616,63.718574256393616
KEN,Kenya,Sub-Saharan Africa,Lower middle income,15.2,76,0.318059713612037,29.40589905,60.8,29.08783933638796,89.88783933638796
LSO,Lesotho,Sub-Saharan Africa,Lower middle income,4.3,50,0.211806070361977,48.06959915,45.7,47.85779307963802,93.55779307963803
MDG,Madagascar,Sub-Saharan Africa,Low income,12.6,36.1,0.196394691006341,17.81170082,23.5,17.61530612899366,41.11530612899366
MWI,Malawi,Sub-Saharan Africa,Low income,4.8,14,0.126780944756387,16.84830093,9.2,16.721519985243614,25.921519985243613
MLI,Mali,Sub-Saharan Africa,Low income,9.6,53,0.142545755049184,35.19919968,43.4,35.056653924950815,78.45665392495081
MRT,Mauritania,Sub-Saharan Africa,Lower middle income,19.1,49,0.192031462434805,42.46450043,29.9,42.272468967565196,72.1724689675652
MUS,Mauritius,Sub-Saharan Africa,Upper middle income,99,100,7.28153511499385,75.5,1,68.21846488500616,69.21846488500616
MOZ,Mozambique,Sub-Saharan Africa,Low income,6.1,33.2,0.109592530041641,18.96220016,27.1,18.852607629958356,45.95260762995836
NAM,Namibia,Sub-Saharan Africa,Lower middle income,36.5,56.2,1.64473954726899,62.99720001,19.700000000000003,61.35246046273101,81.052460462731
NER,Niger,Sub-Saharan Africa,Low income,6.5,19.5,0.0362612938065891,13.087499619999999,13,13.05123832619341,26.05123832619341
NGA,Nigeria,Sub-Saharan Africa,Lower middle income,43.2,60.5,0.0640808079494101,39.14720154,17.299999999999997,39.08312073205059,56.383120732050585
RWA,Rwanda,Sub-Saharan Africa,Low income,6.2,50.6,0.0628314595107164,28.01679993,44.4,27.953968470489286,72.35396847048929
STP,Sao Tome and Principe,Sub-Saharan Africa,Lower middle income,52.9,78,4.6385168164075,58.56779861,25.1,53.929281793592494,79.0292817935925
SEN,Senegal,Sub-Saharan Africa,Lower middle income,37.7,67.9,0.403967485868965,56.82830048,30.200000000000003,56.424332994131035,86.62433299413104
SYC,Seychelles,Sub-Saharan Africa,High income,94.1,100,7.39562918315276,84.83380127,5.900000000000006,77.43817208684723,83.33817208684724
SLE,Sierra Leone,Sub-Saharan Africa,Low income,7.7,29.4,0.118254245682183,21.50880051,21.7,21.390546264317816,43.090546264317815
SOM,"Somalia, Fed. Rep.",Sub-Saharan Africa,Low income,2.1,48.9,0.02,27.6,46.8,27.580000000000002,74.38
ZAF,South Africa,Sub-Saharan Africa,Upper middle income,72.4,86.5,5.34855973203537,78.29319763,14.099999999999994,72.94463789796463,87.04463789796462
TZA,Tanzania,Sub-Saharan Africa,Lower middle income,8.7,45.8,0.11719444010825,26.86059952,37.099999999999994,26.74340507989175,63.843405079891745
TGO,Togo,Sub-Saharan Africa,Lower middle income,17,57.2,0.8,35.60749817,40.2,34.80749817,75.00749817
UGA,Uganda,Sub-Saharan Africa,Low income,7.4,47.1,0.163714063074854,9.636899948,39.7,9.473185884925146,49.17318588492515
ZMB,Zambia,Sub-Saharan Africa,Lower middle income,16.7,47.8,0.191071642503428,15,31.099999999999998,14.808928357496573,45.90892835749657
ZWE,Zimbabwe,Sub-Saharan Africa,Lower middle income,33.7,50.1,0.401433535211582,36.25650024,16.4,35.85506670478842,52.25506670478842
