iso3c,country,region,income_level_current,renewable_electricity_2000,renewable_electricity_2021,carbon_intensity_2000,carbon_intensity_2021,gdp_per_capita_ppp_2000,gdp_per_capita_ppp_2021,renewable_change,carbon_percent_change,income_percent_change,transition
AUS,Australia,East Asia & Pacific,High income,8.53855887053809,26.6608674695166,0.412378561595892,0.256804183609076,45099.0752097084,58327.4146842325,18.12230859897851,-37.72610714406396,29.331731112030557,TRUE
BRN,Brunei Darussalam,East Asia & Pacific,High income,0,0.0196525706264257,0.185501526158639,0.282522023866365,100323.439918528,78248.797127611,0.0196525706264257,52.30172479807798,-22.003474770047426,FALSE
KHM,Cambodia,East Asia & Pacific,Lower middle income,8.95982142857143,56.368745716244,0.083555274923356,0.174901908196294,1922.03179092592,6225.53265474741,47.40892428767257,109.32479530075017,223.90372959171088,FALSE
CHN,China,East Asia & Pacific,Upper middle income,16.6391375029689,28.427997926748,0.710568223765595,0.426379581273407,4065.86707804429,20843.2978347377,11.788860423779099,-39.99456111140951,412.64090622370935,TRUE
FJI,Fiji,East Asia & Pacific,Upper middle income,76.1439413066401,60.0656085236255,0.189213783693362,0.141894213611197,9070.99318456826,10322.4279638854,-16.078332783014602,-25.008521661852413,13.7960061688295,FALSE
HKG,"Hong Kong SAR, China",East Asia & Pacific,High income,0,0.83458081824279,0.157765344176888,0.0707135084418477,39848.5593475546,65884.9376260603,0.83458081824279,-55.178046984410564,65.33831763256327,TRUE
IDN,Indonesia,East Asia & Pacific,Upper middle income,21.0016394320922,15.5300398228856,0.228533438126902,0.176367393298113,6056.38197842165,12757.0746440204,-5.471599609206601,-22.826438553741003,110.63854112030454,FALSE
JPN,Japan,East Asia & Pacific,High income,10.2781393693635,21.1036678422205,0.246756110562789,0.186845291524807,39731.7953686304,45999.4617966896,10.825528472857,-24.279365929921816,15.774938861705024,TRUE
KIR,Kiribati,East Asia & Pacific,Lower middle income,0.820283370618941,16.3652802893309,0.147330438901602,0.207346481463153,2481.73318329794,3024.21029665634,15.54499691871196,40.735670788053554,21.858800817479906,FALSE
KOR,"Korea, Rep.",East Asia & Pacific,High income,1.97533853310966,6.58834768589831,0.375764970366229,0.238575868055572,26404.1588575745,51718.2518656631,4.61300915278865,-36.50928456075867,95.87161304639251,TRUE
MYS,Malaysia,East Asia & Pacific,Upper middle income,10.9232690780449,16.9995110757999,0.307196022452929,0.252265061551811,18532.9096706227,29822.8491831618,6.076241997755002,-17.88140369217669,60.91833237840285,TRUE
MHL,Marshall Islands,East Asia & Pacific,Upper middle income,0.0721604849184587,2.4256748351785,5.2274330072312e-4,3.57135183189701e-4,3772.69913192999,6768.82579129624,2.3535143502600415,-31.680581521433247,79.41599779342936,TRUE
FSM,"Micronesia, Fed. Sts.",East Asia & Pacific,Upper middle income,4.18293363078639,4.94750949296404,5.00860612033321e-4,4.52945154775974e-4,3563.89180484484,3955.73141317971,0.7645758621776508,-9.566625146031516,10.99471111334509,TRUE
MNG,Mongolia,East Asia & Pacific,Upper middle income,0.134419551934827,10.9483384905153,0.650596754079176,0.497245469020961,5818.24307842901,14792.2509086422,10.813918938580473,-23.570865378088335,154.23913558173768,TRUE
MMR,Myanmar,East Asia & Pacific,Lower middle income,38.4539549102025,50.8374750664894,0.163039619713168,0.115161095713891,1359.93038778036,5178.44718217164,12.383520156286899,-29.366189692731503,280.7876659498546,TRUE
NZL,New Zealand,East Asia & Pacific,High income,71.9222078350725,81.4350720674273,0.237708533258883,0.141619540417086,35984.6288016116,48202.0913368233,9.5128642323548,-40.423030475371554,33.951892633291614,TRUE
PLW,Palau,East Asia & Pacific,High income,0.00991375037176564,4.59829235675342,7.18016661323637,4.58149983492869,15410.1740281683,16312.190220013,4.588378606381655,-36.19229076825508,5.853380955957421,TRUE
PNG,Papua New Guinea,East Asia & Pacific,Lower middle income,41.5286405859385,39.9588024788339,0.158198501077191,0.135256804290822,3327.22485837041,3977.44297360749,-1.5698381071045944,-14.501842071926374,19.54235565418143,FALSE
PHL,Philippines,East Asia & Pacific,Upper middle income,42.9482888054758,22.6350488071458,0.196748083718366,0.145346221868078,4740.43891694569,8857.78995115514,-20.313239998329998,-26.125724265689378,86.85590314203013,FALSE
WSM,Samoa,East Asia & Pacific,Upper middle income,54.0319836679143,49.1406825435797,0.220674333462601,0.253002329443801,4639.18880250252,6350.92787033711,-4.891301124334596,14.649640252194907,36.89737884587119,FALSE
SGP,Singapore,East Asia & Pacific,High income,4.35427127743565,4.02215992761209,0.164011029829645,0.0762502327398216,68904.1280154511,133990.186782104,-0.3321113498235606,-53.509082395847884,94.45886718435499,FALSE
SLB,Solomon Islands,East Asia & Pacific,Lower middle income,1.37307434695244,6.5551580779271,0.232104159354007,0.178004864314107,2277.11363831224,2450.18399709553,5.18208373097466,-23.308197143243493,7.600426955923334,TRUE
THA,Thailand,East Asia & Pacific,Upper middle income,7.13108348875251,19.9307401392503,0.238729271780576,0.185028248986544,11623.7874580461,20236.9760408784,12.799656650497791,-22.49452796194612,74.09967374162684,TRUE
TON,Tonga,East Asia & Pacific,Upper middle income,0.194363459669582,14.2006227155814,0.167322867489626,0.282469438447511,5809.00929738723,6930.06482518663,14.006259255911818,68.81699595844188,19.298566595574695,FALSE
VUT,Vanuatu,East Asia & Pacific,Lower middle income,1.83217295712715,25.154847680445,0.118490912826784,0.268201450301193,3805.62227309353,3546.08021896872,23.32267472331785,126.34769528129422,-6.81996360910071,FALSE
VNM,Viet Nam,East Asia & Pacific,Upper middle income,52.9610707428184,41.1697321016349,0.168481326142465,0.282008034444311,4349.22348751462,12048.9019935536,-11.7913386411835,67.38236865838158,177.0357059861964,FALSE
ARM,Armenia,Europe & Central Asia,Upper middle income,21.1664988251091,30.0380758979566,0.241495294450956,0.158240664855423,4589.00825039977,15921.705281964,8.871577072847497,-34.474638433354954,246.95307598492516,TRUE
AUT,Austria,Europe & Central Asia,High income,73.1627895587443,79.9114280061055,0.155503939884293,0.117395179582014,53534.2669894259,62968.8538770186,6.748638447361202,-24.50662043073306,17.623453944846613,TRUE
AZE,Azerbaijan,Europe & Central Asia,Upper middle income,8.20364725386384,5.79875927851687,0.632426280868557,0.183556246867593,5656.92989378687,20111.3756952109,-2.4048879753469707,-70.97586668670665,255.51749929409,FALSE
BLR,Belarus,Europe & Central Asia,Upper middle income,0.107275583310984,3.1465360459759,0.504136606432919,0.228308657031981,11182.4548339393,27611.1801135157,3.0392604626649162,-54.71293809679738,146.9151945931801,TRUE
BEL,Belgium,Europe & Central Asia,High income,2.71746893300957,23.5431574128442,0.24147217197975,0.136602558422218,50455.7338920674,60669.2137746534,20.82568847983463,-43.42927497514141,20.2424562973045,TRUE
BIH,Bosnia and Herzegovina,Europe & Central Asia,Upper middle income,48.8445680314508,39.3396633577902,0.438435469347822,0.387770062172679,7830.5018609252,18286.6614977175,-9.504904673660597,-11.555955372522298,133.53115576115667,FALSE
BGR,Bulgaria,Europe & Central Asia,High income,7.21092757306226,22.1918096199125,0.469347381968803,0.227693992810315,12563.8362285253,30958.9830238332,14.98088204685024,-51.487107085759874,146.41345573689523,TRUE
HRV,Croatia,Europe & Central Asia,High income,57.3725733534261,69.8809993425378,0.203581194938215,0.12220991292297,21302.4117206381,36930.076102199,12.508425989111707,-39.969940268766194,73.36100994809229,TRUE
CYP,Cyprus,Europe & Central Asia,High income,0,15.1349873022075,0.284527665633531,0.15753041380137,36121.6640625,47632.5703125,15.1349873022075,-44.63441245665448,31.86704308550985,TRUE
CZE,Czechia,Europe & Central Asia,High income,3.86429096452781,14.0234899723578,0.438454298716877,0.198184456391854,29427.4070011514,47796.0337408466,10.15919900782999,-54.79928992101692,62.420133513552486,TRUE
DNK,Denmark,Europe & Central Asia,High income,15.4550245471944,78.958880484115,0.172851123875759,0.0728116003174174,57585.8965553524,69327.998216527,63.5038559369206,-57.87611981640771,20.39058582666664,TRUE
EST,Estonia,Europe & Central Asia,High income,0.214965347116175,39.9573847862299,0.621490092473729,0.219486035064096,20526.6606380865,44247.4198971873,39.742419439113725,-64.68390442227783,115.56073185663602,TRUE
FIN,Finland,Europe & Central Asia,High income,33.4094260889448,52.9302986606029,0.236622951378482,0.124929593444389,46968.841714507,56790.3766177692,19.520872571658103,-47.20309559297051,20.91074538938158,TRUE
FRA,France,Europe & Central Asia,High income,13.7368998099838,22.8038733642766,0.143292529753699,0.088888909697982,45922.4789363701,52517.3354905855,9.066973554292801,-37.96682224064971,14.3608461628415,TRUE
GEO,Georgia,Europe & Central Asia,Upper middle income,79.2200969827586,81.3667062079873,0.224051180693769,0.175952423638124,5706.27236527837,18915.6534005263,2.1466092252287012,-21.467754334839206,231.48879320280278,TRUE
DEU,Germany,Europe & Central Asia,High income,6.88673698232395,39.8305665158005,0.212174279057035,0.128711188238729,49955.6461286496,62630.7748127737,32.943829533476546,-39.33704461692555,25.372764975318596,TRUE
GRC,Greece,Europe & Central Asia,High income,8.4727819772301,40.5640135246276,0.283249397256216,0.151567284635639,31386.639783624,33528.2271202515,32.0912315473975,-46.489812121811035,6.823245022058311,TRUE
GRL,Greenland,Europe & Central Asia,High income,94.376491646778,77.0421783235451,5.14269542158135e-4,0.139678225772028,44991.6751496134,69302.0088788237,-17.334313323232905,27060.509095263064,54.03295976059961,FALSE
HUN,Hungary,Europe & Central Asia,High income,0.690517461851041,19.1445182724252,0.263287578097757,0.136136961280167,22117.9204303193,38887.1909527154,18.454000810574158,-48.2934355415658,75.81757324440295,TRUE
IRL,Ireland,Europe & Central Asia,High income,6.21299307814194,37.1541775946047,0.214952036896146,0.0610016557745014,53582.8313532284,116702.85817485,30.941184516462755,-71.62080589914376,117.7989763279252,TRUE
ITA,Italy,Europe & Central Asia,High income,20.8138489956297,40.9735703240403,0.158452275774754,0.112121858523011,50353.4200415436,49825.3934111848,20.1597213284106,-29.239351107587407,-1.0486410454804362,FALSE
KAZ,Kazakhstan,Europe & Central Asia,Upper middle income,14.6734471202556,10.9976885243053,0.659404999802598,0.371897042435371,12935.864368308,32945.8515725823,-3.6757585959503007,-43.60111880457329,154.68612405443446,FALSE
KGZ,Kyrgyz Republic,Europe & Central Asia,Lower middle income,91.6348536601701,85.5934733782534,0.269204512063867,0.267544307229595,3638.46314292227,5736.47883415154,-6.0413802819166875,-0.6167076552855533,57.662139447817154,FALSE
LVA,Latvia,Europe & Central Asia,High income,68.2683752417795,63.5961341087923,0.209847821130224,0.108257122092182,14554.2131724037,36912.0130602161,-4.672241132987196,-48.4116053675861,153.61737266707834,FALSE
LTU,Lithuania,Europe & Central Asia,High income,5.63676148796499,65.6144151240646,0.211119772419565,0.111187778389731,15777.4293800236,45897.3715026327,59.97765363609962,-47.33426570356281,190.9052571057304,TRUE
LUX,Luxembourg,Europe & Central Asia,High income,78.7066895368782,89.0447963800905,0.176712505945526,0.0957311122246338,114148.353907645,136772.443753292,10.338106843212302,-45.82663422013595,19.819900218580177,TRUE
MDA,Moldova,Europe & Central Asia,Upper middle income,6.72493756689262,6.50390625,0.411682396216604,0.237122452300983,5727.07922525352,15682.0703284653,-0.22103131689261968,-42.401605101369796,173.8231777782173,FALSE
NLD,Netherlands,Europe & Central Asia,High income,3.31471254365119,33.1271998035524,0.198245863251689,0.121346083246032,56016.8327946434,68573.5648786447,29.81248725990121,-38.790105752686785,22.415997937680675,TRUE
MKD,North Macedonia,Europe & Central Asia,Upper middle income,17.1780942592864,30.9676369553426,0.372030241305887,0.187653298276334,11988.2448826829,22144.1924252732,13.789542696056198,-49.55966546761354,84.71588328380439,TRUE
NOR,Norway,Europe & Central Asia,High income,99.7197829097369,99.1038297387318,0.121141865915693,0.0890911017668876,76775.9420600924,92205.7698636049,-0.6159531710051027,-26.45721518860431,20.097217161380577,FALSE
POL,Poland,Europe & Central Asia,High income,2.99068767908309,17.4599985525884,0.440683012399294,0.213383939280027,18566.3546288772,41059.5847829682,14.469310873505309,-51.57881441395702,121.1504929411729,TRUE
PRT,Portugal,Europe & Central Asia,High income,30.2988757883192,64.9061770532965,0.178030036591607,0.0972677989565006,35069.8275705133,38657.6677223429,34.6073012649773,-45.36438860616053,10.230561141527406,TRUE
ROU,Romania,Europe & Central Asia,High income,28.4553471714099,44.8574239112157,0.292489428328269,0.112503025033578,14853.6063681531,37534.0002643549,16.402076739805796,-61.536037156422374,152.69284330053162,TRUE
RUS,Russian Federation,Europe & Central Asia,High income,18.9408099652983,19.1544751840582,0.570405390987926,0.340782025895885,20104.75,38638.4296875,0.21366521875989974,-40.25617021156476,92.18557648068241,TRUE
SVK,Slovak Republic,Europe & Central Asia,High income,15.96700686822,23.5607675906183,0.42188285451872,0.175523195169367,18335.6834506937,38330.302743447,7.593760722398301,-58.39527648745,109.0475811633672,TRUE
SVN,Slovenia,Europe & Central Asia,High income,28.6605989430417,36.1126858150668,0.252452419021599,0.14317012855856,30061.2061910089,45922.6632600134,7.452086872025099,-43.28827225604408,52.76387437091117,TRUE
ESP,Spain,Europe & Central Asia,High income,16.947181780922,47.0149136749395,0.19150195814583,0.111072275231207,39945.8971298178,44251.6658222621,30.0677318940175,-41.999404963460094,10.779001103545705,TRUE
SWE,Sweden,Europe & Central Asia,High income,57.2573210524142,67.3919370423404,0.136531280382398,0.0624891774904205,47868.5077292571,62190.8526983825,10.134615989926203,-54.23087125865935,29.920182701604503,TRUE
CHE,Switzerland,Europe & Central Asia,High income,57.8880331753554,67.8762344840083,0.0905195096221884,0.0517574475061513,68834.8179906591,83524.9832880195,9.98820130865289,-42.82177651847954,21.341184194536368,TRUE
TJK,Tajikistan,Europe & Central Asia,Lower middle income,98.6874429704499,93.3827887446305,0.324540562106529,0.237288169196753,1365.23327447129,3985.91247611219,-5.304654225819391,-26.884896095402645,191.9583451887226,FALSE
TUR,Turkiye,Europe & Central Asia,Upper middle income,24.9388818622821,35.4189464124067,0.23359041038168,0.170531474526089,14856.914625257,32105.5474400506,10.480064550124599,-26.995515677443482,116.09835049782569,TRUE
TKM,Turkmenistan,Europe & Central Asia,Upper middle income,0.03199593702387,0.0110915492957746,1.69511409473548,0.82757423555362,5064.28782418685,16259.8700051884,-0.0209043877280954,-51.17884759947313,221.0692316406636,FALSE
UKR,Ukraine,Europe & Central Asia,Upper middle income,6.68202630581236,12.0136593335613,0.702923392294049,0.260072266392262,10364.0625,17846.408203125,5.33163302774894,-63.00133567279722,72.19510402532792,TRUE
GBR,United Kingdom,Europe & Central Asia,High income,3.35853650127696,40.1999760236135,0.213889896254038,0.0973209498552521,43818.3463079443,51840.4424245515,36.84143952233654,-54.499510467916835,18.307619507659933,TRUE
UZB,Uzbekistan,Europe & Central Asia,Lower middle income,12.5453459092655,7.07677648080938,1.54656374125479,0.404267856534511,3430.88370808896,9705.60054565692,-5.46856942845612,-73.86025252302164,182.88923121393256,FALSE
ATG,Antigua and Barbuda,Latin America & Caribbean,High income,0,5.65579264886605,0.0709052093150369,0.139428025057843,25547.6120273679,25745.4958067746,5.65579264886605,96.64003026682333,0.7745685944921865,FALSE
ARG,Argentina,Latin America & Caribbean,Upper middle income,33.0317886599097,25.5361113468556,0.164929532239069,0.155804346573759,22281.3814299958,26300.274261175,-7.495677313054102,-5.53277847904331,18.037000281180315,FALSE
ABW,Aruba,Latin America & Caribbean,High income,0,14.7971787957078,0.0789065343616353,0.133814640318228,37618.9926155094,35207.1709088639,14.7971787957078,69.5862597449081,-6.411180999172106,FALSE
BHS,"Bahamas, The",Latin America & Caribbean,High income,0,0.480875807854305,0.0890146640427203,0.117662333828117,34597.1621145274,31064.6822166194,0.480875807854305,32.18309038570093,-10.21031692199027,FALSE
BRB,Barbados,Latin America & Caribbean,High income,0,7.32507956609401,0.105261759264706,0.13055425209532,21315.7684300571,17686.7469386289,7.32507956609401,24.02818745125659,-17.025055903267194,FALSE
BLZ,Belize,Latin America & Caribbean,Upper middle income,45.4597959314638,92.8601757887138,0.0510531412164116,0.0725604031844014,11363.6868781615,11716.3267818656,47.40037985725,42.127205996633286,3.103217357931576,FALSE
BOL,Bolivia,Latin America & Caribbean,Lower middle income,49.7688144329897,38.2375964718853,0.12724106370628,0.163538452487243,7492.4338168091,11202.4409836707,-11.531217961104403,28.526473862833267,49.516715897286744,FALSE
BRA,Brazil,Latin America & Caribbean,Upper middle income,89.4957553523831,77.3753492178891,0.143365149222342,0.133649473386954,14005.3471874231,18075.7060049068,-12.120406134494004,-6.776874218098971,29.062891215855814,FALSE
CHL,Chile,Latin America & Caribbean,High income,49.4510704126952,48.0821990956395,0.198171070295153,0.157349592708506,17529.4205997692,29106.6356522053,-1.3688713170556994,-20.59911041800809,66.04448211248082,FALSE
COL,Colombia,Latin America & Caribbean,Upper middle income,74.1381604878162,75.1246222666381,0.150027404066368,0.103582160476976,10813.4942250011,17383.0901728295,0.986461778821905,-30.957839921595852,60.7536824927442,TRUE
CRI,Costa Rica,Latin America & Caribbean,High income,98.5928602399191,99.3668053701814,0.0929104810222438,0.0660833758903854,14025.6899537485,24083.5988182437,0.7739451302622911,-28.874142977944206,71.7106174288925,TRUE
DMA,Dominica,Latin America & Caribbean,Upper middle income,40.8423493044822,20.2875714004333,0.0562883860828873,0.0719130097413405,14054.6548016043,15808.9743503945,-20.554777904048898,27.758166019265886,12.482124773281145,FALSE
DOM,Dominican Republic,Latin America & Caribbean,Upper middle income,7.88005155811661,17.0566127087997,0.203277735444054,0.120940704959832,10896.3184155964,22053.4589869955,9.176561150683092,-40.50469683970026,102.39367230154888,TRUE
ECU,Ecuador,Latin America & Caribbean,Upper middle income,71.7228609121749,80.9483764822748,0.18933516564706,0.172332433696734,9183.05155276919,13507.4445638375,9.225515570099901,-8.980229262862238,47.09102400458887,TRUE
SLV,El Salvador,Latin America & Caribbean,Upper middle income,59.9668344684631,95.5593380614657,0.129306580339557,0.111381875294155,7545.44796218991,10809.713399518,35.5925035930026,-13.862175457994496,43.261386914140274,TRUE
GRD,Grenada,Latin America & Caribbean,Upper middle income,0,1.96573875802998,0.0459522272724214,0.090124991388604,11625.050939182,15290.250903138,1.96573875802998,96.12758018084845,31.528463687006457,FALSE
GTM,Guatemala,Latin America & Caribbean,Upper middle income,58.6068121693122,60.6103116732271,0.094344959516178,0.0970882592215812,8770.40815272307,11825.141273764,2.0034995039149024,2.907733194726525,34.82999956042507,FALSE
GUY,Guyana,Latin America & Caribbean,High income,4.45132572092123,7.1061714531072,0.270788482008693,0.178106085551917,8025.29326490962,22865.9270968882,2.6548457321859704,-34.226860673416915,184.92325877820383,TRUE
HTI,Haiti,Latin America & Caribbean,Lower middle income,51.7367458866545,20.5416248746239,0.0630577516793992,0.0961448484729535,3237.53077898724,3116.56505397604,-31.195121012030597,52.47110135130899,-3.7363575289017126,FALSE
HND,Honduras,Latin America & Caribbean,Lower middle income,62.2774740295243,64.6209532374101,0.165989698080413,0.162477513469076,4579.68960840984,6202.98078812037,2.3434792078858067,-2.115905174811239,35.445441034467166,TRUE
JAM,Jamaica,Latin America & Caribbean,Upper middle income,1.71404783530124,12.7547999074717,0.406326039742764,0.218669667603313,9667.92474492316,10430.6909771759,11.04075207217046,-46.18369333608353,7.889658353549822,TRUE
MEX,Mexico,Latin America & Caribbean,Upper middle income,19.7951574085329,23.3762297959545,0.196513149953171,0.170653671362245,20470.4937669158,20782.5877440905,3.5810723874215995,-13.1591593728401,1.5246040507293612,TRUE
NIC,Nicaragua,Latin America & Caribbean,Lower middle income,17.6435559336453,69.5093757417517,0.153875371883052,0.109766334139733,4878.2474679883,7119.16874782601,51.865819808106394,-28.66543047372302,45.937015178974214,TRUE
PAN,Panama,Latin America & Caribbean,High income,74.3746674851647,79.278975629905,0.118310784188871,0.0801329419041495,14572.9808700068,30932.7627780514,4.9043081447403125,-32.26911438924663,112.26105389128236,TRUE
PER,Peru,Latin America & Caribbean,Upper middle income,85.9404479578393,61.7794528000562,0.14212021188225,0.11765439204647,7668.06078201131,15285.7706852395,-24.1609951577831,-17.214877118288076,99.34336880973558,FALSE
PRI,Puerto Rico (US),Latin America & Caribbean,High income,0.547825887638389,4.57841328319192,0.177189868847378,0.0957192775295904,37298.5450447133,40559.226188957,4.030587395553531,-45.97926046661396,8.7421135069339,TRUE
KNA,St. Kitts and Nevis,Latin America & Caribbean,High income,0,4.52674897119342,0.0553608354965761,0.0923859848994977,19840.5800645267,26896.6177065978,4.52674897119342,66.87967959806443,35.56366607792232,FALSE
LCA,St. Lucia,Latin America & Caribbean,Upper middle income,0,2.54489148622662,0.0327435915057826,0.0825834872934053,18638.117705755,19141.3272253168,2.54489148622662,152.21267275711295,2.6998945253276174,FALSE
VCT,St. Vincent and the Grenadines,Latin America & Caribbean,Upper middle income,25.9179265658747,15.0174216027875,0.0369051424832279,0.0704632514068904,9999.05879203685,16200.8994597845,-10.9005049630872,90.93071226838778,62.02424444875483,FALSE
TTO,Trinidad and Tobago,Latin America & Caribbean,High income,0.376076204433046,0.067595292085088,0.739622678528695,0.688100409842525,19637.5545410721,30482.1201798631,-0.30848091234795805,-6.9660206726842695,55.22360544491174,FALSE
URY,Uruguay,Latin America & Caribbean,High income,93.2780706378492,84.3537980618944,0.0909514513621446,0.0855427228219471,18752.0507121938,29431.8738833361,-8.924272575954802,-5.946830379497047,56.95282790696372,FALSE
AFG,Afghanistan,"Middle East, North Africa, Afghanistan & Pakistan",Low income,93.5373177008865,78.2344746063241,0.030991136680152,0.145584204673526,1617.82647494969,2144.16657002819,-15.302843094562405,369.7607776573233,32.53377931615737,FALSE
DZA,Algeria,"Middle East, North Africa, Afghanistan & Pakistan",Upper middle income,0.212498032425626,0.913584728890971,0.246194219020723,0.279430915362769,11558.220469383,14496.8654697299,0.7010866964653449,13.500193657775661,25.424718347700548,FALSE
BHR,Bahrain,"Middle East, North Africa, Afghanistan & Pakistan",High income,0,0.0374420435657423,0.480830781765632,0.451880314077066,57968.9956082135,54954.6757895532,0.0374420435657423,-6.020926443656238,-5.199882777049892,FALSE
EGY,"Egypt, Arab Rep.","Middle East, North Africa, Afghanistan & Pakistan",Lower middle income,18.0499085010814,12.1959401781537,0.175349458122698,0.151354360033067,9981.62775081593,15579.0160861551,-5.853968322927701,-13.68415867749122,56.07690924841013,FALSE
IRN,"Iran, Islamic Rep.","Middle East, North Africa, Afghanistan & Pakistan",Upper middle income,3.0371139286391,4.23813256684958,0.457688090571267,0.558169700773047,11643.1218077696,15884.4276775963,1.20101863821048,21.954167537189573,36.42756590415832,FALSE
IRQ,Iraq,"Middle East, North Africa, Afghanistan & Pakistan",Upper middle income,1.9153605015674,3.77958595889556,0.286266976287278,0.3641866903101,12702.1641950892,12731.7535755128,1.8642254573281598,27.21924653461498,0.23294755105620624,FALSE
ISR,Israel,"Middle East, North Africa, Afghanistan & Pakistan",High income,0.0726659009399686,7.63056263212098,0.2832636784994,0.140975583612054,33278.5412285682,46151.100820403,7.557896731181011,-50.23167659232646,38.681261607658016,TRUE
JOR,Jordan,"Middle East, North Africa, Afghanistan & Pakistan",Upper middle income,0.610004066693778,24.9181992606112,0.348067567630683,0.195375150591169,8781.60904744228,10056.5611261239,24.30819519391742,-43.86861380935332,14.51843360133369,TRUE
KWT,Kuwait,"Middle East, North Africa, Afghanistan & Pakistan",High income,0,0.265012812418762,0.473045606092839,0.452266518719399,60585.3026788164,50651.9575337091,0.265012812418762,-4.392618197020514,-16.395635089532178,FALSE
LBN,Lebanon,"Middle East, North Africa, Afghanistan & Pakistan",Lower middle income,4.47493190759609,5.07230201863354,0.305571295186405,0.252001647163028,11571.7326041085,11599.7755083765,0.5973701110374501,-17.530981760148123,0.24233971892890782,TRUE
LBY,Libya,"Middle East, North Africa, Afghanistan & Pakistan",Upper middle income,0,0.0223947103636625,0.52347834084514,0.647021044925961,17747.0188855832,12641.5097714075,0.0223947103636625,23.600346841736574,-28.768263262080385,FALSE
MLT,Malta,"Middle East, North Africa, Afghanistan & Pakistan",High income,0,11.8897922312556,0.176165965732445,0.0552722366597873,31068.0784498241,56823.9958525022,11.8897922312556,-68.62490638871022,82.90154617793533,TRUE
MAR,Morocco,"Middle East, North Africa, Afghanistan & Pakistan",Lower middle income,6.08442820492887,19.319165433143,0.229372450982645,0.226067910776095,5100.11572265625,8623.265625,13.23473722821413,-1.440687489885184,69.07980316393328,TRUE
OMN,Oman,"Middle East, North Africa, Afghanistan & Pakistan",High income,0,1.93992360506721,0.274006594068275,0.503445024561775,42086.0431536301,38719.4587682049,1.93992360506721,83.73463831178098,-7.999289391820175,FALSE
PAK,Pakistan,"Middle East, North Africa, Afghanistan & Pakistan",Lower middle income,28.530726995126,28.276210800358,0.204556177793066,0.178268850836772,3531.71291531612,5367.27364714762,-0.2545161947679979,-12.850908361656476,51.97366761808839,FALSE
QAT,Qatar,"Middle East, North Africa, Afghanistan & Pakistan",High income,0,0.276427644700916,0.502191147703046,0.40471568977297,98028.5232918526,116832.570294098,0.276427644700916,-19.410031095911474,19.182220001684193,TRUE
SAU,Saudi Arabia,"Middle East, North Africa, Afghanistan & Pakistan",High income,4.8339421987305e-4,0.0652981651937175,0.292972384672883,0.305883512689155,55962.2661342789,62690.4966645929,0.06481477097384446,4.40694368880119,12.022798566037185,FALSE
SYR,Syrian Arab Republic,"Middle East, North Africa, Afghanistan & Pakistan",Low income,12.9455526034025,3.39200288473096,0.345983477925465,0.310812171067473,7973.98131632478,4765.52911357702,-9.55354971867154,-10.165603013438973,-40.23651517942783,FALSE
TUN,Tunisia,"Middle East, North Africa, Afghanistan & Pakistan",Lower middle income,0.835315213288033,2.82000913659205,0.236902667799143,0.206872240540024,9134.41506327005,12444.326402688701,1.9846939233040168,-12.676272301238999,36.23561351758553,TRUE
ARE,United Arab Emirates,"Middle East, North Africa, Afghanistan & Pakistan",High income,0,4.20134583903604,0.265433053675638,0.303687488968238,95390.8328858321,68580.1312912676,4.20134583903604,14.41208423851661,-28.10616154977148,FALSE
CAN,Canada,North America,High income,60.6190538229517,67.0163805768966,0.365687791708983,0.257737254491873,48399.2864445547,56995.0952020711,6.3973267539448955,-29.51986357341069,17.760197285890953,TRUE
USA,United States,North America,High income,8.81261648193646,20.2733089261925,0.381717101284345,0.20038985241497,55045.6745311559,71441.231980595,11.460692444256038,-47.50304564801314,29.7853693120959,TRUE
BGD,Bangladesh,South Asia,Lower middle income,8.80736795383933,1.50701993704092,0.0739083925899937,0.0943988215798879,2712.93512215725,7441.06913961254,-7.30034801679841,27.72408960855732,174.2811311202905,FALSE
BTN,Bhutan,South Asia,Lower middle income,99.9867895576534,100,0.128455469249024,0.14798982089076,5287.57434721684,13458.812666743,0.013210442346604623,15.207099982536864,154.53661325494483,FALSE
IND,India,South Asia,Lower middle income,14.0401258332442,19.131292447169,0.313015876691479,0.234954610857686,3010.42156148397,7818.65701757504,5.091166613924798,-24.938436560754173,159.71967240763712,TRUE
MDV,Maldives,South Asia,Upper middle income,0,5.82133253659994,0.162035640373449,0.170915708514649,13738.2809408875,19052.6224904311,5.82133253659994,5.480317861387651,38.6827258258142,FALSE
NPL,Nepal,South Asia,Lower middle income,99.3212778782399,83.9765900145018,0.0595104128107733,0.129723720018749,2340.81563141298,4546.22970006289,-15.344687863738102,117.98491035717502,94.21562463331045,FALSE
LKA,Sri Lanka,South Asia,Upper middle income,45.8128212450029,49.2380351199357,0.0924528194492256,0.0719433868657736,6428.61341889128,14316.1352225567,3.425213874932801,-22.18367455490704,122.69398219664222,TRUE
AGO,Angola,Sub-Saharan Africa,Lower middle income,62.3038062283737,91.1643122192566,0.150059262122511,0.084894107649036,6794.53021072097,8720.18768742123,28.8605059908829,-43.42627942570652,28.34128949285999,TRUE
BEN,Benin,Sub-Saharan Africa,Lower middle income,1.94047619047619,0.257548845470693,0.0844160141828765,0.145190400966519,2536.16885867097,3464.2886286745,-1.682927345005497,71.99390704704744,36.59534604055872,FALSE
BWA,Botswana,Sub-Saharan Africa,Upper middle income,0,0.248679398618448,0.185354211018193,0.151778117151869,13185.8171514278,17960.6254447437,0.248679398618448,-18.114556816315552,36.211698057703366,TRUE
BFA,Burkina Faso,Sub-Saharan Africa,Low income,25.1974358974359,13.9238095238095,0.0512193653764318,0.117702338577215,1428.57400617096,2486.43093147762,-11.2736263736264,129.80046260271482,74.04985116186305,FALSE
BDI,Burundi,Sub-Saharan Africa,Low income,100,61.3041849395068,0.0438768507164366,0.0670435027968025,1030.32234706616,1032.38274081999,-38.6958150604932,52.7992590673503,0.1999756444861056,FALSE
CPV,Cabo Verde,Sub-Saharan Africa,Upper middle income,3.11004784688995,18.2655949281105,0.137049202407893,0.163171695032827,4510.13573659758,7685.41921393669,15.155547081220549,19.06066738512411,70.40327969673315,FALSE
CMR,Cameroon,Sub-Saharan Africa,Lower middle income,98.9080459770115,61.8966686856451,0.100443505203308,0.0802117769822661,3822.94425358926,4793.55628200196,-37.011377291366394,-20.142395648270927,25.389123252357628,FALSE
CAF,Central African Republic,Sub-Saharan Africa,Low income,99.7089977883832,96.473071423708,0.0536882025369621,0.0559342608964034,1245.81399563599,1128.55237996459,-3.235926364675194,4.183523108070131,-9.412449698121893,FALSE
TCD,Chad,Sub-Saharan Africa,Low income,10,4.61004784688995,0.0187441939349698,0.0629095221648411,1506.7157720422,2435.07274651099,-5.38995215311005,235.62137898858896,61.614605202578886,FALSE
COM,Comoros,Sub-Saharan Africa,Lower middle income,0,0,0.0576008666582113,0.140755341335634,2917.87154106634,3449.0435745318,0,144.36323531525997,18.204092469106527,FALSE
COG,"Congo, Rep.",Sub-Saharan Africa,Lower middle income,28.6086956521739,31.7064705882353,0.189118581244575,0.192607904845101,7570.58279297342,6263.21161292636,3.097774936061402,1.8450453559682112,-17.269095600678007,FALSE
CIV,Cote d'Ivoire,Sub-Saharan Africa,Lower middle income,36.75,22.7753265853448,0.0813597925220623,0.0959971293929991,4838.37602767698,6045.20480490881,-13.9746734146552,17.990872908098442,24.942847978916948,FALSE
GNQ,Equatorial Guinea,Sub-Saharan Africa,Upper middle income,10.2941176470588,8.82316227461859,0.331641046702946,0.170043743823303,11767.4708814313,16821.4486470413,-1.4709553724402102,-48.72656882680364,42.94871698883929,FALSE
GAB,Gabon,Sub-Saharan Africa,Upper middle income,89.1855513307985,31.5882541720154,0.238391737161775,0.12185465763461,21717.2240796789,18523.5798032135,-57.59729715878311,-48.884697479292996,-14.705582374377846,FALSE
GMB,"Gambia, The",Sub-Saharan Africa,Low income,0,1.60250694249828,0.0688119861317891,0.0667446396258033,2658.61770579464,2777.79620978324,1.60250694249828,-3.004340700218122,4.482724376988911,TRUE
GHA,Ghana,Sub-Saharan Africa,Lower middle income,91.7001246019659,34.867098938968,0.0920913069125119,0.113984837010311,3327.35199291767,6607.50297378321,-56.8330256629979,23.773720703734046,98.58142414290407,FALSE
GIN,Guinea,Sub-Saharan Africa,Lower middle income,55.9693318729463,88.1321934987129,0.0734545031395197,0.0990559355467212,2358.28765608495,3738.8051255133,32.162861625766595,34.85345528588499,58.538977035574206,FALSE
GNB,Guinea-Bissau,Sub-Saharan Africa,Low income,0,7.08661417322835,0.0824755560915151,0.06470669622625,1974.74466342453,2522.12869240841,7.08661417322835,-21.544395342480303,27.719230699660514,TRUE
KEN,Kenya,Sub-Saharan Africa,Lower middle income,59.0982298678634,78.0821751777634,0.0773770805963012,0.0757243338665979,3756.63622296879,5338.85243382781,18.9839453099,-2.1359641859921896,42.11789795309559,TRUE
LSO,Lesotho,Sub-Saharan Africa,Lower middle income,99.896848448655,99.7862526718416,0.0906020657425396,0.132820573763522,1932.15793223415,2544.78249551214,-0.11059577681341182,46.59773226468491,31.706754042078412,FALSE
LBR,Liberia,Sub-Saharan Africa,Low income,26.2692226669475,57.4209245742092,0.0729765696469058,0.103864058075859,1868.17975587618,1539.20892304674,31.151701907261703,42.32521284352097,-17.60916377531091,FALSE
MDG,Madagascar,Sub-Saharan Africa,Low income,68.5044247787611,34.110314615691,0.0602883585122906,0.0876041548934891,1701.44320253582,1577.43246056529,-34.3941101630701,45.308575412000664,-7.288561956444106,FALSE
MWI,Malawi,Sub-Saharan Africa,Low income,93.2040184934126,80.0551584735492,0.220921595368936,0.180863325155249,1239.39174838676,1687.59358179651,-13.148860019863406,-18.132346974405213,36.16304804297326,FALSE
MLI,Mali,Sub-Saharan Africa,Low income,27.159564862192,62.2933606249605,0.0314767859798041,0.1166192815937,2187.71894207161,2796.22793795431,35.1337957627685,270.4929774867243,27.81477017822438,FALSE
MRT,Mauritania,Sub-Saharan Africa,Lower middle income,0,19.3554142491133,0.0808421785796285,0.15961771533151,5008.60806518774,5836.56580821897,19.3554142491133,97.44360943252985,16.530695399904396,FALSE
MUS,Mauritius,Sub-Saharan Africa,Upper middle income,29.5691788526434,21.682820855615,0.15392969302044,0.136859696452084,13373.655799097,23010.2013826906,-7.8863579970284015,-11.089476132515442,72.05618066111936,FALSE
MOZ,Mozambique,Sub-Saharan Africa,Low income,91.1371599340478,82.7092499337397,0.121708552951095,0.197895373916822,711.976393527396,1457.23540930922,-8.427910000308103,62.59775432244308,104.67468058730618,FALSE
NAM,Namibia,Sub-Saharan Africa,Lower middle income,92.771855010661,93.3683473389356,0.134022467799511,0.1357855095872,7858.38789521253,9709.09930646771,0.5964923282746071,1.3154822595315974,23.55077702874233,FALSE
NER,Niger,Sub-Saharan Africa,Low income,0.388349514563107,7.8251273344652,0.0508983637318439,0.0734802916438385,1197.63477205432,1587.84784907329,7.436777819902093,44.36670701432885,32.58197625221187,FALSE
NGA,Nigeria,Sub-Saharan Africa,Lower middle income,42.7572043723087,22.2303049100539,0.162157997117112,0.0789363299041675,4889.00321921229,7588.47885587002,-20.5268994622548,-51.321346274917936,55.21525586339595,FALSE
RWA,Rwanda,Sub-Saharan Africa,Low income,63.4790419161677,59.8933601609658,0.0785019401860208,0.0460254973517515,1055.35042339776,2776.39276387923,-3.585681755201904,-41.37024226065247,163.07780831133582,FALSE
STP,Sao Tome and Principe,Sub-Saharan Africa,Lower middle income,20.6276660572821,6.05617320070216,0.0985788829404626,0.124407178050018,3852.89042721453,5732.69456061536,-14.571492856579939,26.20063682924321,48.78945220250777,FALSE
SEN,Senegal,Sub-Saharan Africa,Lower middle income,0.923316708229426,13.2915360501567,0.129370489501219,0.182597841371553,3093.28791603382,4173.67741399617,12.368219341927276,41.14334890093498,34.92689744017148,FALSE
SYC,Seychelles,Sub-Saharan Africa,High income,0,4.51403741810568,0.450708590510527,0.264875496693498,20633.6746950761,29979.8272686091,4.51403741810568,-41.23131835728535,45.295628198322376,TRUE
SLE,Sierra Leone,Sub-Saharan Africa,Low income,34.7826086956522,75.2819403676811,0.0492389854672091,0.0638379037300093,1981.5060863596,2849.38865839009,40.4993316720289,29.649104513988036,43.79913733320666,FALSE
SOM,"Somalia, Fed. Rep.",Sub-Saharan Africa,Low income,0,11.2132448947616,0.100655312919455,0.0339829952080993,702.850071117661,1392.31782053371,11.2132448947616,-66.23824990212619,98.09599198299408,TRUE
ZAF,South Africa,Sub-Saharan Africa,Upper middle income,2.00085441686049,6.44786393924166,0.658449062384537,0.533067595319915,11183.825503143,13681.9548144813,4.447009522381171,-19.0419387356343,22.336983983130352,TRUE
SDN,Sudan,Sub-Saharan Africa,Low income,49.9275982872713,57.9598635588403,0.049570774518914,0.151139546510922,3575.85205078125,3248.9755859375,8.032265271568996,204.89647978619718,-9.141218937521034,FALSE
TZA,Tanzania,Sub-Saharan Africa,Lower middle income,75.073511785857,37.1995633187773,0.0508098305826495,0.0890163669791971,1839.93664550781,3493.0830078125,-37.87394846707969,75.19516589294501,89.84800462237834,FALSE
TGO,Togo,Sub-Saharan Africa,Lower middle income,51.4285714285714,25.3008,0.112634944385678,0.108159495359484,2321.9504188468,2952.09730066985,-26.127771428571403,-3.973410783486009,27.13868809205726,FALSE
ZMB,Zambia,Sub-Saharan Africa,Lower middle income,99.9955340053592,92.001184566787,0.0877598182502342,0.14096259199709,2220.5653712714,3503.03491418372,-7.9943494385722005,60.623158533847366,57.754189969108324,FALSE
ZWE,Zimbabwe,Sub-Saharan Africa,Lower middle income,47.0334524660472,88.3095170454545,0.199734885987422,0.142720076058978,6170.36063450551,4827.10960165994,41.2760645794073,-28.545243684688327,-21.769408830562085,FALSE
